Batch Size,Total Time,Total Peak Memory,Total Loss
1,40.62814998626709,17.08,0.02657
2,35.2206392288208,591.58,0.02614
