Training Time,Peak Memory,Training Loss,Test Loss
0.12516403198242188,849.2,0.028439,0.028629
