Training Time,Peak Memory,Training Loss,Test Loss
0.05156660079956055,225.14,0.030757,0.030474
