Batch Size,Sequential Prop,Average Sequential Loss,Total Training Time,Total Peak Memory,Test Loss
1,0.99,0.010448,30.66837787628174,15.23,0.01035
1,0.97,0.010568,30.034228324890137,27.65,0.01047
1,0.95,0.010451,29.87868595123291,40.07,0.01033
10,0.99,0.010424,9.272842168807983,442.71,0.01034
30,0.5,0.010568,5.715927600860596,320.89,0.01038
