Batch Size,Sequential Prop,Average Sequential Loss,Total Training Time,Total Peak Memory,Test Loss
1,0.99,0.010692,105.44895768165588,84.75,0.0113
1,0.97,0.008805,104.04541945457458,171.38,0.00932
1,0.95,0.008524,102.40049004554749,259.63,0.00899
10,0.99,0.010474,41.64489722251892,3786.01,0.01109
30,0.5,0.008454,34.45988702774048,2563.36,0.0087
