Batch Size,Sequential Prop,Average Sequential Loss,Total Training Time,Total Peak Memory,Test Loss
1,0.99,0.012696,30.257312297821045,15.23,0.01291
1,0.97,0.012745,30.20587658882141,27.65,0.01294
1,0.95,0.012709,29.181718349456787,40.07,0.01288
10,0.99,0.01248,9.148974180221558,442.71,0.01273
30,0.5,0.012851,5.613588809967041,320.89,0.01291
