Batch Size,Sequential Prop,Average Sequential Loss,Total Training Time,Total Peak Memory,Test Loss
1,0.99,0.04497,1433.2645275592804,892.66,0.04956
1,0.97,0.039904,1400.5898170471191,1046.14,0.04429
1,0.95,0.040203,1369.4216434955597,1396.64,0.04431
30,0.5,0.040795,52.03372287750244,10740.71,0.04418
