Batch Size,Sequential Prop,Average Sequential Loss,Total Training Time,Total Peak Memory,Test Loss
1,0.99,0.014524,43.7089307308197,66.66,0.01569
1,0.97,0.010318,43.083625078201294,105.75,0.01132
1,0.95,0.009813,42.07691478729248,151.94,0.01074
10,0.99,0.014295,12.139539957046509,1918.77,0.01545
30,0.5,0.008863,8.630475759506226,1308.16,0.00937
