Batch Size,Sequential Prop,Average Sequential Loss,Total Training Time,Total Peak Memory,Test Loss
1,0.99,0.012768,43.8276264667511,66.66,0.01352
1,0.97,0.009058,43.09975337982178,105.75,0.00974
1,0.95,0.008238,42.19933032989502,151.94,0.00887
10,0.99,0.012811,12.014897584915161,1918.77,0.01356
30,0.5,0.007629,8.654756307601929,1308.16,0.00793
